decision_date,effective_date,sector,model,source_date,signal_age,trading_z,effective_coverage,z_bounded,multiplier,has_active_signal
2020-12-31,2021-01-04,Comm,finance_vader,2020-12-31,0,-0.001488172534579852,0.6,-0.001488172534579852,0.9999107096479252,True
2020-12-31,2021-01-04,Consumer,finance_vader,2020-12-31,0,2.510490196098425,1,2,1.2,True
2020-12-31,2021-01-04,Energy,finance_vader,,,,,,1,False
2020-12-31,2021-01-04,Financials,finance_vader,2020-12-31,0,2.104109009898576,0.8,2,1.16,True
2020-12-31,2021-01-04,Healthcare,finance_vader,2020-12-31,0,0.6351261377215135,0.6,0.6351261377215135,1.038107568263291,True
2020-12-31,2021-01-04,Industrials,finance_vader,2020-12-31,0,0.2441017927644177,0.8,0.2441017927644177,1.019528143421153,True
2020-12-31,2021-01-04,Materials,finance_vader,,,,,,1,False
2020-12-31,2021-01-04,RealEstate,finance_vader,,,,,,1,False
2020-12-31,2021-01-04,Tech,finance_vader,2020-12-31,0,0.5745981922891751,0.6,0.5745981922891751,1.03447589153735,True
2020-12-31,2021-01-04,Utilities,finance_vader,,,,,,1,False
2021-01-29,2021-02-01,Comm,finance_vader,2021-01-29,0,-0.3254633913148134,1,-0.3254633913148134,0.9674536608685187,True
2021-01-29,2021-02-01,Consumer,finance_vader,2021-01-29,0,0.5915975087565438,0.8,0.5915975087565438,1.047327800700524,True
2021-01-29,2021-02-01,Energy,finance_vader,2021-01-29,0,-3.091721887873401,0.6,-2,0.88,True
2021-01-29,2021-02-01,Financials,finance_vader,2021-01-29,0,0.1474406745793335,0.8,0.1474406745793335,1.011795253966347,True
2021-01-29,2021-02-01,Healthcare,finance_vader,2021-01-29,0,-1.520670834513209,0.8,-1.520670834513209,0.8783463332389433,True
2021-01-29,2021-02-01,Industrials,finance_vader,2021-01-29,0,0.2890408686882132,0.8,0.2890408686882132,1.023123269495057,True
2021-01-29,2021-02-01,Materials,finance_vader,,,,,,1,False
2021-01-29,2021-02-01,RealEstate,finance_vader,,,,,,1,False
2021-01-29,2021-02-01,Tech,finance_vader,2021-01-29,0,0.05310599978708638,0.8,0.05310599978708638,1.004248479982967,True
2021-01-29,2021-02-01,Utilities,finance_vader,2021-01-29,0,-0.05370069160743935,0.6,-0.05370069160743935,0.9967779585035537,True
2021-02-26,2021-03-01,Comm,finance_vader,2021-02-26,0,0.2778204013670947,0.6,0.2778204013670947,1.016669224082026,True
2021-02-26,2021-03-01,Consumer,finance_vader,2021-02-26,0,0.9153323610546512,1,0.9153323610546512,1.091533236105465,True
2021-02-26,2021-03-01,Energy,finance_vader,2021-02-26,0,-0.4738605037385671,0.6,-0.4738605037385671,0.9715683697756859,True
2021-02-26,2021-03-01,Financials,finance_vader,2021-02-26,0,-0.2846714788776857,0.8,-0.2846714788776857,0.9772262816897851,True
2021-02-26,2021-03-01,Healthcare,finance_vader,2021-02-26,0,-2.28593985793441,0.6,-2,0.88,True
2021-02-26,2021-03-01,Industrials,finance_vader,2021-02-26,0,-1.230706958112445,0.6,-1.230706958112445,0.9261575825132533,True
2021-02-26,2021-03-01,Materials,finance_vader,2021-02-26,0,-0.4040105249874218,0.6,-0.4040105249874218,0.9757593685007547,True
2021-02-26,2021-03-01,RealEstate,finance_vader,2021-02-26,0,0.3506991319520452,0.4,0.3506991319520452,1.014027965278082,True
2021-02-26,2021-03-01,Tech,finance_vader,2021-02-26,0,0.2108365611530097,0.6,0.2108365611530097,1.012650193669181,True
2021-02-26,2021-03-01,Utilities,finance_vader,2021-02-26,0,-1.631560819301134,0.6,-1.631560819301134,0.902106350841932,True
2021-03-31,2021-04-01,Comm,finance_vader,2021-03-31,0,-0.8303914860053716,0.6,-0.8303914860053716,0.9501765108396777,True
2021-03-31,2021-04-01,Consumer,finance_vader,2021-03-31,0,0.2430270517822859,1,0.2430270517822859,1.024302705178229,True
2021-03-31,2021-04-01,Energy,finance_vader,2021-03-31,0,0.8528775481454393,0.8,0.8528775481454393,1.068230203851635,True
2021-03-31,2021-04-01,Financials,finance_vader,2021-03-31,0,-0.4693346922587442,1,-0.4693346922587442,0.9530665307741256,True
2021-03-31,2021-04-01,Healthcare,finance_vader,2021-03-31,0,-0.5762754965515882,1,-0.5762754965515882,0.9423724503448412,True
2021-03-31,2021-04-01,Industrials,finance_vader,2021-03-31,0,0.1122188844016113,0.6,0.1122188844016113,1.006733133064097,True
2021-03-31,2021-04-01,Materials,finance_vader,2021-03-31,0,0.2024008722110206,0.4,0.2024008722110206,1.008096034888441,True
2021-03-31,2021-04-01,RealEstate,finance_vader,2021-03-31,0,-0.6802294827647593,0.2,-0.6802294827647593,0.9863954103447048,True
2021-03-31,2021-04-01,Tech,finance_vader,2021-03-31,0,-0.2438865984749287,0.6,-0.2438865984749287,0.9853668040915042,True
2021-03-31,2021-04-01,Utilities,finance_vader,2021-03-31,0,-0.3441423627534983,0.4,-0.3441423627534983,0.98623430548986,True
2021-04-30,2021-05-03,Comm,finance_vader,2021-04-30,0,0.6575135613290758,0.6,0.6575135613290758,1.039450813679744,True
2021-04-30,2021-05-03,Consumer,finance_vader,2021-04-30,0,-0.02138931532385563,0.8,-0.02138931532385563,0.9982888547740916,True
2021-04-30,2021-05-03,Energy,finance_vader,2021-04-30,0,0.8739765690912217,1,0.8739765690912217,1.087397656909122,True
2021-04-30,2021-05-03,Financials,finance_vader,2021-04-30,0,-0.173266155326407,0.6,-0.173266155326407,0.9896040306804156,True
2021-04-30,2021-05-03,Healthcare,finance_vader,2021-04-30,0,0.236546408311771,1,0.236546408311771,1.023654640831177,True
2021-04-30,2021-05-03,Industrials,finance_vader,2021-04-30,0,-0.4054835310258409,0.8,-0.4054835310258409,0.9675613175179327,True
2021-04-30,2021-05-03,Materials,finance_vader,2021-04-30,0,-2.100485076710522,0.2,-2,0.96,True
2021-04-30,2021-05-03,RealEstate,finance_vader,2021-04-30,0,0.909999455654279,0.6,0.909999455654279,1.054599967339257,True
2021-04-30,2021-05-03,Tech,finance_vader,2021-04-30,0,-1.041224500051987,0.4,-1.041224500051987,0.9583510199979205,True
2021-04-30,2021-05-03,Utilities,finance_vader,2021-04-30,0,-0.2692055300279886,1,-0.2692055300279886,0.9730794469972012,True
2021-05-28,2021-06-01,Comm,finance_vader,2021-05-28,0,2.563322485497607,1,2,1.2,True
2021-05-28,2021-06-01,Consumer,finance_vader,2021-05-28,0,2.646670562489004,1,2,1.2,True
2021-05-28,2021-06-01,Energy,finance_vader,2021-05-28,0,-0.8628716828525321,0.8,-0.8628716828525321,0.9309702653717974,True
2021-05-28,2021-06-01,Financials,finance_vader,2021-05-28,0,0.7341395293613053,1,0.7341395293613053,1.073413952936131,True
2021-05-28,2021-06-01,Healthcare,finance_vader,2021-05-28,0,0.2208479080083502,0.4,0.2208479080083502,1.008833916320334,True
2021-05-28,2021-06-01,Industrials,finance_vader,2021-05-28,0,-0.1018708838917601,0.8,-0.1018708838917601,0.9918503292886592,True
2021-05-28,2021-06-01,Materials,finance_vader,2021-05-28,0,0.1873272429596142,0.6,0.1873272429596142,1.011239634577577,True
2021-05-28,2021-06-01,RealEstate,finance_vader,2021-05-28,0,2.105907841110521,0.4,2,1.08,True
2021-05-28,2021-06-01,Tech,finance_vader,2021-05-28,0,0.1409863589895461,0.8,0.1409863589895461,1.011278908719164,True
2021-05-28,2021-06-01,Utilities,finance_vader,2021-05-28,0,0.3773578233264588,0.2,0.3773578233264588,1.007547156466529,True
2021-06-30,2021-07-01,Comm,finance_vader,2021-06-30,0,1.384143508103981,0.6,1.384143508103981,1.083048610486239,True
2021-06-30,2021-07-01,Consumer,finance_vader,2021-06-30,0,-1.509945298691632,1,-1.509945298691632,0.8490054701308367,True
2021-06-30,2021-07-01,Energy,finance_vader,2021-06-30,0,0.1100481805412104,0.8,0.1100481805412104,1.008803854443297,True
2021-06-30,2021-07-01,Financials,finance_vader,2021-06-30,0,-0.09266177747009803,1,-0.09266177747009803,0.9907338222529902,True
2021-06-30,2021-07-01,Healthcare,finance_vader,2021-06-30,0,-0.1841022904730543,0.6,-0.1841022904730543,0.9889538625716168,True
2021-06-30,2021-07-01,Industrials,finance_vader,2021-06-30,0,-0.4641093263856249,0.6,-0.4641093263856249,0.9721534404168625,True
2021-06-30,2021-07-01,Materials,finance_vader,2021-06-29,1,-0.5475609694536161,0.1666666666666667,-0.5475609694536161,0.9908739838424397,True
2021-06-30,2021-07-01,RealEstate,finance_vader,2021-06-30,0,-0.6638458098941673,0.2,-0.6638458098941673,0.9867230838021166,True
2021-06-30,2021-07-01,Tech,finance_vader,2021-06-30,0,-0.1841578507019449,0.6,-0.1841578507019449,0.9889505289578833,True
2021-06-30,2021-07-01,Utilities,finance_vader,2021-06-30,0,0.2148460295092693,0.2,0.2148460295092693,1.004296920590185,True
2021-07-30,2021-08-02,Comm,finance_vader,2021-07-30,0,-0.5381744838237752,0.6,-0.5381744838237752,0.9677095309705734,True
2021-07-30,2021-08-02,Consumer,finance_vader,2021-07-30,0,-0.7417075590232446,1,-0.7417075590232446,0.9258292440976755,True
2021-07-30,2021-08-02,Energy,finance_vader,2021-07-30,0,1.195288146297516,0.4,1.195288146297516,1.047811525851901,True
2021-07-30,2021-08-02,Financials,finance_vader,2021-07-30,0,-1.379561598583744,0.4,-1.379561598583744,0.9448175360566502,True
2021-07-30,2021-08-02,Healthcare,finance_vader,2021-07-30,0,0.4161463005817231,0.6,0.4161463005817231,1.024968778034903,True
2021-07-30,2021-08-02,Industrials,finance_vader,2021-07-30,0,0.1248145022202404,0.6,0.1248145022202404,1.007488870133215,True
2021-07-30,2021-08-02,Materials,finance_vader,2021-07-30,0,1.11136454016926,0.2,1.11136454016926,1.022227290803385,True
2021-07-30,2021-08-02,RealEstate,finance_vader,2021-07-30,0,-0.6540479412302576,0.4,-0.6540479412302576,0.9738380823507897,True
2021-07-30,2021-08-02,Tech,finance_vader,2021-07-30,0,1.777191984819466,0.4,1.777191984819466,1.071087679392779,True
2021-07-30,2021-08-02,Utilities,finance_vader,2021-07-30,0,-1.10397452138803,0.4,-1.10397452138803,0.9558410191444788,True
2021-08-31,2021-09-01,Comm,finance_vader,2021-08-31,0,-0.2002374240169061,0.4,-0.2002374240169061,0.9919905030393238,True
2021-08-31,2021-09-01,Consumer,finance_vader,2021-08-31,0,-0.5151554649542252,1,-0.5151554649542252,0.9484844535045774,True
2021-08-31,2021-09-01,Energy,finance_vader,2021-08-31,0,-0.2179747626726143,1,-0.2179747626726143,0.9782025237327385,True
2021-08-31,2021-09-01,Financials,finance_vader,2021-08-31,0,0.7189073450082896,0.8,0.7189073450082896,1.057512587600663,True
2021-08-31,2021-09-01,Healthcare,finance_vader,2021-08-31,0,-1.122100898619366,1,-1.122100898619366,0.8877899101380634,True
2021-08-31,2021-09-01,Industrials,finance_vader,2021-08-31,0,1.822545883149065,0.4,1.822545883149065,1.072901835325963,True
2021-08-31,2021-09-01,Materials,finance_vader,2021-08-31,0,-0.3602499885232772,0.4,-0.3602499885232772,0.9855900004590689,True
2021-08-31,2021-09-01,RealEstate,finance_vader,2021-08-31,0,-0.6726927544235526,0.4,-0.6726927544235526,0.9730922898230578,True
2021-08-31,2021-09-01,Tech,finance_vader,2021-08-31,0,-1.140842106145088,0.6,-1.140842106145088,0.9315494736312947,True
2021-08-31,2021-09-01,Utilities,finance_vader,2021-08-31,0,-1.824891862390963,0.4,-1.824891862390963,0.9270043255043615,True
2021-09-30,2021-10-01,Comm,finance_vader,2021-09-30,0,-0.02666482657002536,1,-0.02666482657002536,0.9973335173429975,True
2021-09-30,2021-10-01,Consumer,finance_vader,2021-09-30,0,-0.2647573660010016,1,-0.2647573660010016,0.9735242633998998,True
2021-09-30,2021-10-01,Energy,finance_vader,2021-09-30,0,0.07501633851089291,1,0.07501633851089291,1.007501633851089,True
2021-09-30,2021-10-01,Financials,finance_vader,2021-09-30,0,-0.2807209998117347,1,-0.2807209998117347,0.9719279000188266,True
2021-09-30,2021-10-01,Healthcare,finance_vader,2021-09-30,0,-0.9519828653168145,0.8,-0.9519828653168145,0.9238413707746548,True
2021-09-30,2021-10-01,Industrials,finance_vader,2021-09-30,0,0.6089915738037798,0.8,0.6089915738037798,1.048719325904302,True
2021-09-30,2021-10-01,Materials,finance_vader,2021-09-30,0,0.6112943150189775,0.6,0.6112943150189775,1.036677658901139,True
2021-09-30,2021-10-01,RealEstate,finance_vader,2021-09-30,0,0.9743562562319567,0.4,0.9743562562319567,1.038974250249278,True
2021-09-30,2021-10-01,Tech,finance_vader,2021-09-30,0,0.1354059329738873,1,0.1354059329738873,1.013540593297389,True
2021-09-30,2021-10-01,Utilities,finance_vader,2021-09-30,0,-1.785276066489287,0.6,-1.785276066489287,0.8928834360106428,True
2021-10-29,2021-11-01,Comm,finance_vader,2021-10-29,0,0.9815034095386479,0.8,0.9815034095386479,1.078520272763092,True
2021-10-29,2021-11-01,Consumer,finance_vader,2021-10-29,0,-0.3896584050318302,0.8,-0.3896584050318302,0.9688273275974536,True
2021-10-29,2021-11-01,Energy,finance_vader,2021-10-29,0,1.884939094644841,1,1.884939094644841,1.188493909464484,True
2021-10-29,2021-11-01,Financials,finance_vader,2021-10-29,0,1.14160290533822,0.8,1.14160290533822,1.091328232427058,True
2021-10-29,2021-11-01,Healthcare,finance_vader,2021-10-29,0,-0.8363932313205357,0.8,-0.8363932313205357,0.9330885414943572,True
2021-10-29,2021-11-01,Industrials,finance_vader,2021-10-29,0,-0.6985202588696966,0.6,-0.6985202588696966,0.9580887844678182,True
2021-10-29,2021-11-01,Materials,finance_vader,2021-10-29,0,-0.6834748187065427,0.2,-0.6834748187065427,0.9863305036258692,True
2021-10-29,2021-11-01,RealEstate,finance_vader,2021-10-29,0,0.2272975260675698,0.6,0.2272975260675698,1.013637851564054,True
2021-10-29,2021-11-01,Tech,finance_vader,2021-10-29,0,-0.3786243096143808,0.8,-0.3786243096143808,0.9697100552308495,True
2021-10-29,2021-11-01,Utilities,finance_vader,2021-10-29,0,0.4122985579492775,0.2,0.4122985579492775,1.008245971158986,True
2021-11-30,2021-12-01,Comm,finance_vader,2021-11-30,0,-0.05480573726338175,0.6,-0.05480573726338175,0.9967116557641971,True
2021-11-30,2021-12-01,Consumer,finance_vader,2021-11-30,0,1.454498158071093,0.8,1.454498158071093,1.116359852645687,True
2021-11-30,2021-12-01,Energy,finance_vader,2021-11-30,0,-0.8762751410088911,0.8,-0.8762751410088911,0.9298979887192886,True
2021-11-30,2021-12-01,Financials,finance_vader,2021-11-30,0,0.6342953514844928,0.8,0.6342953514844928,1.050743628118759,True
2021-11-30,2021-12-01,Healthcare,finance_vader,2021-11-30,0,-0.2562590768155391,0.6,-0.2562590768155391,0.9846244553910677,True
2021-11-30,2021-12-01,Industrials,finance_vader,2021-11-30,0,0.03358608184635144,0.4,0.03358608184635144,1.001343443273854,True
2021-11-30,2021-12-01,Materials,finance_vader,2021-11-30,0,0.58651910566423,0.4,0.58651910566423,1.023460764226569,True
2021-11-30,2021-12-01,RealEstate,finance_vader,2021-11-30,0,-0.7052999975831333,1,-0.7052999975831333,0.9294700002416867,True
2021-11-30,2021-12-01,Tech,finance_vader,2021-11-30,0,-0.8041341390854813,1,-0.8041341390854813,0.9195865860914518,True
2021-11-30,2021-12-01,Utilities,finance_vader,2021-11-30,0,0.5235886290209926,0.4,0.5235886290209926,1.02094354516084,True
2021-12-31,2022-01-03,Comm,finance_vader,2021-12-31,0,-0.7119801290750354,0.6,-0.7119801290750354,0.9572811922554979,True
2021-12-31,2022-01-03,Consumer,finance_vader,2021-12-31,0,-0.5926570377080979,1,-0.5926570377080979,0.9407342962291902,True
2021-12-31,2022-01-03,Energy,finance_vader,2021-12-31,0,1.863168067225126,0.6,1.863168067225126,1.111790084033508,True
2021-12-31,2022-01-03,Financials,finance_vader,2021-12-31,0,-0.2285100204381227,1,-0.2285100204381227,0.9771489979561877,True
2021-12-31,2022-01-03,Healthcare,finance_vader,2021-12-31,0,0.1520069705667504,0.8,0.1520069705667504,1.01216055764534,True
2021-12-31,2022-01-03,Industrials,finance_vader,2021-12-31,0,-0.9675824037688856,0.4,-0.9675824037688856,0.9612967038492446,True
2021-12-31,2022-01-03,Materials,finance_vader,2021-12-30,1,-0.04617077787014088,0.3333333333333333,-0.04617077787014088,0.9984609740709953,True
2021-12-31,2022-01-03,RealEstate,finance_vader,2021-12-31,0,-0.4517554491511629,0.4,-0.4517554491511629,0.9819297820339534,True
2021-12-31,2022-01-03,Tech,finance_vader,2021-12-31,0,1.092895673086596,1,1.092895673086596,1.10928956730866,True
2021-12-31,2022-01-03,Utilities,finance_vader,2021-12-31,0,-0.3099698316445235,0.4,-0.3099698316445235,0.987601206734219,True
2022-01-31,2022-02-01,Comm,finance_vader,2022-01-31,0,-0.1265531009834303,1,-0.1265531009834303,0.987344689901657,True
2022-01-31,2022-02-01,Consumer,finance_vader,2022-01-31,0,0.2815659222280332,1,0.2815659222280332,1.028156592222803,True
2022-01-31,2022-02-01,Energy,finance_vader,2022-01-31,0,0.4227527566241557,1,0.4227527566241557,1.042275275662416,True
2022-01-31,2022-02-01,Financials,finance_vader,2022-01-31,0,-0.4340171819914023,1,-0.4340171819914023,0.9565982818008598,True
2022-01-31,2022-02-01,Healthcare,finance_vader,2022-01-31,0,0.08192202884757571,1,0.08192202884757571,1.008192202884758,True
2022-01-31,2022-02-01,Industrials,finance_vader,2022-01-31,0,0.4854129118677382,1,0.4854129118677382,1.048541291186774,True
2022-01-31,2022-02-01,Materials,finance_vader,2022-01-31,0,-1.03139778148463,0.6,-1.03139778148463,0.9381161331109222,True
2022-01-31,2022-02-01,RealEstate,finance_vader,2022-01-31,0,1.61370414846433,1,1.61370414846433,1.161370414846433,True
2022-01-31,2022-02-01,Tech,finance_vader,2022-01-31,0,-0.1508582820205496,1,-0.1508582820205496,0.984914171797945,True
2022-01-31,2022-02-01,Utilities,finance_vader,2022-01-31,0,-0.1079436929408505,0.8,-0.1079436929408505,0.9913645045647319,True
2022-02-28,2022-03-01,Comm,finance_vader,2022-02-28,0,1.057994496066868,0.8,1.057994496066868,1.08463955968535,True
2022-02-28,2022-03-01,Consumer,finance_vader,2022-02-28,0,0.8766707233934602,1,0.8766707233934602,1.087667072339346,True
2022-02-28,2022-03-01,Energy,finance_vader,2022-02-28,0,0.2726991421643383,1,0.2726991421643383,1.027269914216434,True
2022-02-28,2022-03-01,Financials,finance_vader,2022-02-28,0,-1.085545326940245,0.8,-1.085545326940245,0.9131563738447804,True
2022-02-28,2022-03-01,Healthcare,finance_vader,2022-02-28,0,0.1066036942188122,0.6,0.1066036942188122,1.006396221653129,True
2022-02-28,2022-03-01,Industrials,finance_vader,2022-02-28,0,0.6706218543816416,0.8,0.6706218543816416,1.053649748350531,True
2022-02-28,2022-03-01,Materials,finance_vader,2022-02-28,0,-0.6702471161179101,0.6,-0.6702471161179101,0.9597851730329254,True
2022-02-28,2022-03-01,RealEstate,finance_vader,2022-02-28,0,-0.5928293145520001,0.6,-0.5928293145520001,0.96443024112688,True
2022-02-28,2022-03-01,Tech,finance_vader,2022-02-28,0,0.2773748533712084,1,0.2773748533712084,1.027737485337121,True
2022-02-28,2022-03-01,Utilities,finance_vader,2022-02-28,0,0.398367491783329,0.6,0.398367491783329,1.023902049507,True
2022-03-31,2022-04-01,Comm,finance_vader,2022-03-31,0,0.5848586639602464,0.8,0.5848586639602464,1.04678869311682,True
2022-03-31,2022-04-01,Consumer,finance_vader,2022-03-31,0,-0.7150189103270711,1,-0.7150189103270711,0.9284981089672929,True
2022-03-31,2022-04-01,Energy,finance_vader,2022-03-31,0,-0.612028009873272,1,-0.612028009873272,0.9387971990126728,True
2022-03-31,2022-04-01,Financials,finance_vader,2022-03-31,0,-0.8467893263596223,0.8,-0.8467893263596223,0.9322568538912301,True
2022-03-31,2022-04-01,Healthcare,finance_vader,2022-03-31,0,0.1393187091971454,0.8,0.1393187091971454,1.011145496735772,True
2022-03-31,2022-04-01,Industrials,finance_vader,2022-03-31,0,0.8866600362115672,1,0.8866600362115672,1.088666003621157,True
2022-03-31,2022-04-01,Materials,finance_vader,2022-03-31,0,1.858782719196588,0.6,1.858782719196588,1.111526963151795,True
2022-03-31,2022-04-01,RealEstate,finance_vader,2022-03-31,0,-0.6043779275859941,0.8,-0.6043779275859941,0.9516497657931204,True
2022-03-31,2022-04-01,Tech,finance_vader,2022-03-31,0,0.1083047487631223,1,0.1083047487631223,1.010830474876312,True
2022-03-31,2022-04-01,Utilities,finance_vader,2022-03-31,0,0.5508345477685898,0.8,0.5508345477685898,1.044066763821487,True
2022-04-29,2022-05-02,Comm,finance_vader,2022-04-29,0,0.460652544499247,0.8,0.460652544499247,1.03685220355994,True
2022-04-29,2022-05-02,Consumer,finance_vader,2022-04-29,0,-0.3118725096779608,1,-0.3118725096779608,0.9688127490322039,True
2022-04-29,2022-05-02,Energy,finance_vader,2022-04-29,0,-1.202018922768029,1,-1.202018922768029,0.8797981077231971,True
2022-04-29,2022-05-02,Financials,finance_vader,2022-04-29,0,1.292510582833941,0.6,1.292510582833941,1.077550634970036,True
2022-04-29,2022-05-02,Healthcare,finance_vader,2022-04-29,0,0.2976999910760832,1,0.2976999910760832,1.029769999107608,True
2022-04-29,2022-05-02,Industrials,finance_vader,2022-04-29,0,1.019915766167171,1,1.019915766167171,1.101991576616717,True
2022-04-29,2022-05-02,Materials,finance_vader,2022-04-29,0,-0.6986432690432158,0.2,-0.6986432690432158,0.9860271346191357,True
2022-04-29,2022-05-02,RealEstate,finance_vader,2022-04-29,0,0.2670517284805176,0.8,0.2670517284805176,1.021364138278441,True
2022-04-29,2022-05-02,Tech,finance_vader,2022-04-29,0,-1.013380387060252,1,-1.013380387060252,0.8986619612939748,True
2022-04-29,2022-05-02,Utilities,finance_vader,2022-04-29,0,0.5691182679699232,0.6,0.5691182679699232,1.034147096078195,True
2022-05-31,2022-06-01,Comm,finance_vader,2022-05-31,0,0.6886184977983391,0.6,0.6886184977983391,1.0413171098679,True
2022-05-31,2022-06-01,Consumer,finance_vader,2022-05-31,0,0.2821422892767849,1,0.2821422892767849,1.028214228927679,True
2022-05-31,2022-06-01,Energy,finance_vader,2022-05-31,0,0.9672893547078897,1,0.9672893547078897,1.096728935470789,True
2022-05-31,2022-06-01,Financials,finance_vader,2022-05-31,0,-0.4014638605085052,1,-0.4014638605085052,0.9598536139491495,True
2022-05-31,2022-06-01,Healthcare,finance_vader,2022-05-31,0,1.83860245648957,1,1.83860245648957,1.183860245648957,True
2022-05-31,2022-06-01,Industrials,finance_vader,2022-05-31,0,2.288789841985745,0.8,2,1.16,True
2022-05-31,2022-06-01,Materials,finance_vader,2022-05-31,0,0.03689958291115708,0.6,0.03689958291115708,1.002213974974669,True
2022-05-31,2022-06-01,RealEstate,finance_vader,2022-05-31,0,0.1534265339085602,0.6,0.1534265339085602,1.009205592034514,True
2022-05-31,2022-06-01,Tech,finance_vader,2022-05-31,0,1.371144759417973,1,1.371144759417973,1.137114475941797,True
2022-05-31,2022-06-01,Utilities,finance_vader,2022-05-31,0,0.08163699630593058,1,0.08163699630593058,1.008163699630593,True
2022-06-30,2022-07-01,Comm,finance_vader,2022-06-30,0,0.7209494790234775,1,0.7209494790234775,1.072094947902348,True
2022-06-30,2022-07-01,Consumer,finance_vader,2022-06-30,0,0.1939242133522552,1,0.1939242133522552,1.019392421335225,True
2022-06-30,2022-07-01,Energy,finance_vader,2022-06-30,0,-1.175649148749221,1,-1.175649148749221,0.8824350851250778,True
2022-06-30,2022-07-01,Financials,finance_vader,2022-06-30,0,0.4506098063579396,1,0.4506098063579396,1.045060980635794,True
2022-06-30,2022-07-01,Healthcare,finance_vader,2022-06-30,0,-0.3898945999444425,0.6,-0.3898945999444425,0.9766063240033335,True
2022-06-30,2022-07-01,Industrials,finance_vader,2022-06-30,0,1.86470309498812,0.8,1.86470309498812,1.14917624759905,True
2022-06-30,2022-07-01,Materials,finance_vader,2022-06-30,0,0.007871638292354207,0.4,0.007871638292354207,1.000314865531694,True
2022-06-30,2022-07-01,RealEstate,finance_vader,2022-06-30,0,-0.2784802204837151,0.4,-0.2784802204837151,0.9888607911806514,True
2022-06-30,2022-07-01,Tech,finance_vader,2022-06-30,0,0.02841619190424542,1,0.02841619190424542,1.002841619190425,True
2022-06-30,2022-07-01,Utilities,finance_vader,2022-06-30,0,-0.30461294937979,1,-0.30461294937979,0.969538705062021,True
2022-07-29,2022-08-01,Comm,finance_vader,2022-07-29,0,0.8155792808156221,0.8,0.8155792808156221,1.06524634246525,True
2022-07-29,2022-08-01,Consumer,finance_vader,2022-07-29,0,0.3567154865296521,1,0.3567154865296521,1.035671548652965,True
2022-07-29,2022-08-01,Energy,finance_vader,2022-07-29,0,1.513614852252789,1,1.513614852252789,1.151361485225279,True
2022-07-29,2022-08-01,Financials,finance_vader,2022-07-29,0,-0.445357244499863,1,-0.445357244499863,0.9554642755500137,True
2022-07-29,2022-08-01,Healthcare,finance_vader,2022-07-29,0,0.3835250301679342,0.8,0.3835250301679342,1.030682002413435,True
2022-07-29,2022-08-01,Industrials,finance_vader,2022-07-29,0,0.8240706126311899,0.4,0.8240706126311899,1.032962824505248,True
2022-07-29,2022-08-01,Materials,finance_vader,2022-07-29,0,-0.7011310682072011,0.2,-0.7011310682072011,0.985977378635856,True
2022-07-29,2022-08-01,RealEstate,finance_vader,2022-07-29,0,0.7879470872720271,1,0.7879470872720271,1.078794708727203,True
2022-07-29,2022-08-01,Tech,finance_vader,2022-07-29,0,0.8426867004246025,1,0.8426867004246025,1.08426867004246,True
2022-07-29,2022-08-01,Utilities,finance_vader,2022-07-29,0,0.835899046229746,1,0.835899046229746,1.083589904622975,True
2022-08-31,2022-09-01,Comm,finance_vader,2022-08-31,0,0.4318136815257912,1,0.4318136815257912,1.043181368152579,True
2022-08-31,2022-09-01,Consumer,finance_vader,2022-08-31,0,-0.6146111981826242,1,-0.6146111981826242,0.9385388801817376,True
2022-08-31,2022-09-01,Energy,finance_vader,2022-08-31,0,1.045932804338008,0.8,1.045932804338008,1.083674624347041,True
2022-08-31,2022-09-01,Financials,finance_vader,2022-08-31,0,-0.3902155342456817,1,-0.3902155342456817,0.9609784465754319,True
2022-08-31,2022-09-01,Healthcare,finance_vader,2022-08-31,0,-2.506630431876988,1,-2,0.8,True
2022-08-31,2022-09-01,Industrials,finance_vader,2022-08-31,0,0.7397037549721117,0.6,0.7397037549721117,1.044382225298327,True
2022-08-31,2022-09-01,Materials,finance_vader,2022-08-31,0,-0.645980118196789,0.6,-0.645980118196789,0.9612411929081927,True
2022-08-31,2022-09-01,RealEstate,finance_vader,2022-08-31,0,0.5145987033503251,1,0.5145987033503251,1.051459870335032,True
2022-08-31,2022-09-01,Tech,finance_vader,2022-08-31,0,-0.3001549360946152,0.8,-0.3001549360946152,0.9759876051124308,True
2022-08-31,2022-09-01,Utilities,finance_vader,2022-08-31,0,0.1342293087231293,0.6,0.1342293087231293,1.008053758523388,True
2022-09-30,2022-10-03,Comm,finance_vader,2022-09-30,0,-0.6295232960442828,0.6,-0.6295232960442828,0.9622286022373431,True
2022-09-30,2022-10-03,Consumer,finance_vader,2022-09-30,0,0.9397964644963233,1,0.9397964644963233,1.093979646449632,True
2022-09-30,2022-10-03,Energy,finance_vader,2022-09-30,0,1.354626510045698,0.6,1.354626510045698,1.081277590602742,True
2022-09-30,2022-10-03,Financials,finance_vader,2022-09-30,0,2.440732983977909,0.6,2,1.12,True
2022-09-30,2022-10-03,Healthcare,finance_vader,2022-09-30,0,0.5554803162363032,0.6,0.5554803162363032,1.033328818974178,True
2022-09-30,2022-10-03,Industrials,finance_vader,2022-09-30,0,0.3546213703777428,0.6,0.3546213703777428,1.021277282222665,True
2022-09-30,2022-10-03,Materials,finance_vader,2022-09-30,0,-0.7063196850758005,0.6,-0.7063196850758005,0.957620818895452,True
2022-09-30,2022-10-03,RealEstate,finance_vader,2022-09-30,0,1.557506113376784,0.4,1.557506113376784,1.062300244535071,True
2022-09-30,2022-10-03,Tech,finance_vader,2022-09-30,0,-2.249215510369243,1,-2,0.8,True
2022-09-30,2022-10-03,Utilities,finance_vader,2022-09-30,0,-0.8001089402401206,0.2,-0.8001089402401206,0.9839978211951976,True
2022-10-31,2022-11-01,Comm,finance_vader,2022-10-31,0,1.401327362264039,0.8,1.401327362264039,1.112106188981123,True
2022-10-31,2022-11-01,Consumer,finance_vader,2022-10-31,0,0.180361085565044,1,0.180361085565044,1.018036108556504,True
2022-10-31,2022-11-01,Energy,finance_vader,2022-10-31,0,0.4515242136349322,1,0.4515242136349322,1.045152421363493,True
2022-10-31,2022-11-01,Financials,finance_vader,2022-10-31,0,0.9531010145560869,1,0.9531010145560869,1.095310101455609,True
2022-10-31,2022-11-01,Healthcare,finance_vader,2022-10-31,0,-0.8913769802158095,0.6,-0.8913769802158095,0.9465173811870514,True
2022-10-31,2022-11-01,Industrials,finance_vader,2022-10-31,0,0.7191666707475466,0.6,0.7191666707475466,1.043150000244853,True
2022-10-31,2022-11-01,Materials,finance_vader,2022-10-31,0,-0.7027914804126152,0.2,-0.7027914804126152,0.9859441703917476,True
2022-10-31,2022-11-01,RealEstate,finance_vader,2022-10-31,0,0.3283603810422942,1,0.3283603810422942,1.032836038104229,True
2022-10-31,2022-11-01,Tech,finance_vader,2022-10-31,0,0.136571850265753,1,0.136571850265753,1.013657185026575,True
2022-10-31,2022-11-01,Utilities,finance_vader,2022-10-31,0,1.515181052640699,1,1.515181052640699,1.15151810526407,True
2022-11-30,2022-12-01,Comm,finance_vader,2022-11-30,0,-0.22634088705924,0.6,-0.22634088705924,0.9864195467764456,True
2022-11-30,2022-12-01,Consumer,finance_vader,2022-11-30,0,0.3153186785093967,0.8,0.3153186785093967,1.025225494280752,True
2022-11-30,2022-12-01,Energy,finance_vader,2022-11-30,0,1.04392466736032,0.8,1.04392466736032,1.083513973388826,True
2022-11-30,2022-12-01,Financials,finance_vader,2022-11-30,0,-1.228962637118214,0.6,-1.228962637118214,0.9262622417729072,True
2022-11-30,2022-12-01,Healthcare,finance_vader,2022-11-30,0,0.7342116241812937,1,0.7342116241812937,1.073421162418129,True
2022-11-30,2022-12-01,Industrials,finance_vader,2022-11-30,0,0.1838126397087148,0.8,0.1838126397087148,1.014705011176697,True
2022-11-30,2022-12-01,Materials,finance_vader,2022-11-30,0,0.9160863915274073,1,0.9160863915274073,1.091608639152741,True
2022-11-30,2022-12-01,RealEstate,finance_vader,2022-11-30,0,0.06270881339806129,0.6,0.06270881339806129,1.003762528803884,True
2022-11-30,2022-12-01,Tech,finance_vader,2022-11-30,0,-0.1931982215670952,1,-0.1931982215670952,0.9806801778432904,True
2022-11-30,2022-12-01,Utilities,finance_vader,2022-11-30,0,-0.1615329455905412,0.6,-0.1615329455905412,0.9903080232645676,True
2022-12-30,2023-01-03,Comm,finance_vader,2022-12-30,0,-0.7908214492865404,0.6,-0.7908214492865404,0.9525507130428076,True
2022-12-30,2023-01-03,Consumer,finance_vader,2022-12-30,0,0.1036905577689702,1,0.1036905577689702,1.010369055776897,True
2022-12-30,2023-01-03,Energy,finance_vader,2022-12-30,0,0.3970324630378261,1,0.3970324630378261,1.039703246303783,True
2022-12-30,2023-01-03,Financials,finance_vader,2022-12-30,0,0.1832553486600285,0.4,0.1832553486600285,1.007330213946401,True
2022-12-30,2023-01-03,Healthcare,finance_vader,2022-12-30,0,0.113668397424606,0.6,0.113668397424606,1.006820103845476,True
2022-12-30,2023-01-03,Industrials,finance_vader,2022-12-30,0,0.4092020792606871,0.6,0.4092020792606871,1.024552124755641,True
2022-12-30,2023-01-03,Materials,finance_vader,2022-12-30,0,-1.709165480194229,0.2,-1.709165480194229,0.9658166903961154,True
2022-12-30,2023-01-03,RealEstate,finance_vader,2022-12-30,0,-0.3480565688310555,0.4,-0.3480565688310555,0.9860777372467577,True
2022-12-30,2023-01-03,Tech,finance_vader,2022-12-30,0,-0.661403265882751,1,-0.661403265882751,0.9338596734117249,True
2022-12-30,2023-01-03,Utilities,finance_vader,2022-12-30,0,-0.6977616569713062,1,-0.6977616569713062,0.9302238343028694,True
2023-01-31,2023-02-01,Comm,finance_vader,2023-01-31,0,-0.9088414172381517,1,-0.9088414172381517,0.9091158582761848,True
2023-01-31,2023-02-01,Consumer,finance_vader,2023-01-31,0,-0.0761392637035211,1,-0.0761392637035211,0.9923860736296479,True
2023-01-31,2023-02-01,Energy,finance_vader,2023-01-31,0,0.2774756278551622,1,0.2774756278551622,1.027747562785516,True
2023-01-31,2023-02-01,Financials,finance_vader,2023-01-31,0,-0.04656343311653456,0.8,-0.04656343311653456,0.9962749253506772,True
2023-01-31,2023-02-01,Healthcare,finance_vader,2023-01-31,0,-0.5262485680617958,1,-0.5262485680617958,0.9473751431938204,True
2023-01-31,2023-02-01,Industrials,finance_vader,2023-01-31,0,0.8635925402960792,0.6,0.8635925402960792,1.051815552417765,True
2023-01-31,2023-02-01,Materials,finance_vader,2023-01-31,0,-0.2133567903642205,0.6,-0.2133567903642205,0.9871985925781468,True
2023-01-31,2023-02-01,RealEstate,finance_vader,2023-01-31,0,-0.0989095022164883,0.8,-0.0989095022164883,0.992087239822681,True
2023-01-31,2023-02-01,Tech,finance_vader,2023-01-31,0,-1.060610023357539,0.8,-1.060610023357539,0.9151511981313969,True
2023-01-31,2023-02-01,Utilities,finance_vader,2023-01-31,0,0.2021928020135027,0.8,0.2021928020135027,1.01617542416108,True
2023-02-28,2023-03-01,Comm,finance_vader,2023-02-28,0,0.1408148774087776,0.8,0.1408148774087776,1.011265190192702,True
2023-02-28,2023-03-01,Consumer,finance_vader,2023-02-28,0,0.9839471749458131,0.8,0.9839471749458131,1.078715773995665,True
2023-02-28,2023-03-01,Energy,finance_vader,2023-02-28,0,0.8497922053622767,0.6,0.8497922053622767,1.050987532321737,True
2023-02-28,2023-03-01,Financials,finance_vader,2023-02-28,0,0.9294434444148841,0.6,0.9294434444148841,1.055766606664893,True
2023-02-28,2023-03-01,Healthcare,finance_vader,2023-02-28,0,-0.04745595179287758,0.6,-0.04745595179287758,0.9971526428924273,True
2023-02-28,2023-03-01,Industrials,finance_vader,2023-02-28,0,0.9882542951557168,0.6,0.9882542951557168,1.059295257709343,True
2023-02-28,2023-03-01,Materials,finance_vader,2023-02-28,0,2.655852983023374,0.2,2,1.04,True
2023-02-28,2023-03-01,RealEstate,finance_vader,2023-02-28,0,0.1533666011856152,0.4,0.1533666011856152,1.006134664047425,True
2023-02-28,2023-03-01,Tech,finance_vader,2023-02-28,0,1.806575236081601,0.8,1.806575236081601,1.144526018886528,True
2023-02-28,2023-03-01,Utilities,finance_vader,2023-02-28,0,0.1835228818753206,0.8,0.1835228818753206,1.014681830550026,True
2023-03-31,2023-04-03,Comm,finance_vader,2023-03-31,0,1.755441588687146,0.6,1.755441588687146,1.105326495321229,True
2023-03-31,2023-04-03,Consumer,finance_vader,2023-03-31,0,-0.06289069052328622,0.8,-0.06289069052328622,0.9949687447581371,True
2023-03-31,2023-04-03,Energy,finance_vader,2023-03-31,0,0.2072357168925575,1,0.2072357168925575,1.020723571689256,True
2023-03-31,2023-04-03,Financials,finance_vader,2023-03-31,0,0.3886620832313015,1,0.3886620832313015,1.03886620832313,True
2023-03-31,2023-04-03,Healthcare,finance_vader,2023-03-31,0,0.117564496542819,0.8,0.117564496542819,1.009405159723425,True
2023-03-31,2023-04-03,Industrials,finance_vader,2023-03-31,0,-1.375455667846153,0.6,-1.375455667846153,0.9174726599292309,True
2023-03-31,2023-04-03,Materials,finance_vader,2023-03-31,0,-0.4306811121095161,0.6,-0.4306811121095161,0.9741591332734291,True
2023-03-31,2023-04-03,RealEstate,finance_vader,2023-03-31,0,0.6286859817767,0.6,0.6286859817767,1.037721158906602,True
2023-03-31,2023-04-03,Tech,finance_vader,2023-03-31,0,0.4663116244958977,1,0.4663116244958977,1.04663116244959,True
2023-03-31,2023-04-03,Utilities,finance_vader,2023-03-31,0,-0.3142024263968579,0.6,-0.3142024263968579,0.9811478544161886,True
2023-04-28,2023-05-01,Comm,finance_vader,2023-04-28,0,-0.5959040385285977,0.6,-0.5959040385285977,0.9642457576882841,True
2023-04-28,2023-05-01,Consumer,finance_vader,2023-04-28,0,1.457206492272106,1,1.457206492272106,1.145720649227211,True
2023-04-28,2023-05-01,Energy,finance_vader,2023-04-28,0,1.206051918950366,0.8,1.206051918950366,1.096484153516029,True
2023-04-28,2023-05-01,Financials,finance_vader,2023-04-28,0,-0.878347915370486,1,-0.878347915370486,0.9121652084629515,True
2023-04-28,2023-05-01,Healthcare,finance_vader,2023-04-28,0,-0.895094941565866,1,-0.895094941565866,0.9104905058434134,True
2023-04-28,2023-05-01,Industrials,finance_vader,2023-04-28,0,-0.3149539076603927,0.8,-0.3149539076603927,0.9748036873871686,True
2023-04-28,2023-05-01,Materials,finance_vader,2023-04-28,0,0.4568296674217883,0.8,0.4568296674217883,1.036546373393743,True
2023-04-28,2023-05-01,RealEstate,finance_vader,2023-04-28,0,0.4932572575087334,0.6,0.4932572575087334,1.029595435450524,True
2023-04-28,2023-05-01,Tech,finance_vader,2023-04-28,0,-0.4330413583512341,1,-0.4330413583512341,0.9566958641648766,True
2023-04-28,2023-05-01,Utilities,finance_vader,2023-04-28,0,-0.6728562734678981,1,-0.6728562734678981,0.9327143726532102,True
2023-05-31,2023-06-01,Comm,finance_vader,2023-05-31,0,0.1231439762722329,0.8,0.1231439762722329,1.009851518101779,True
2023-05-31,2023-06-01,Consumer,finance_vader,2023-05-31,0,-0.1583255539546135,1,-0.1583255539546135,0.9841674446045386,True
2023-05-31,2023-06-01,Energy,finance_vader,2023-05-31,0,0.8077872693779191,0.8,0.8077872693779191,1.064622981550233,True
2023-05-31,2023-06-01,Financials,finance_vader,2023-05-31,0,0.06043309897370479,1,0.06043309897370479,1.00604330989737,True
2023-05-31,2023-06-01,Healthcare,finance_vader,2023-05-31,0,0.1778040046800717,1,0.1778040046800717,1.017780400468007,True
2023-05-31,2023-06-01,Industrials,finance_vader,2023-05-31,0,-0.1980108039346107,0.8,-0.1980108039346107,0.9841591356852312,True
2023-05-31,2023-06-01,Materials,finance_vader,2023-05-31,0,0.3372555990294606,0.6,0.3372555990294606,1.020235335941768,True
2023-05-31,2023-06-01,RealEstate,finance_vader,2023-05-31,0,0.5621504404557618,0.8,0.5621504404557618,1.044972035236461,True
2023-05-31,2023-06-01,Tech,finance_vader,2023-05-31,0,-0.1733569884744578,1,-0.1733569884744578,0.9826643011525542,True
2023-05-31,2023-06-01,Utilities,finance_vader,2023-05-31,0,1.175563217845561,0.2,1.175563217845561,1.023511264356911,True
2023-06-30,2023-07-03,Comm,finance_vader,2023-06-30,0,-1.298099103071288,0.6,-1.298099103071288,0.9221140538157228,True
2023-06-30,2023-07-03,Consumer,finance_vader,2023-06-30,0,0.1150062954183759,1,0.1150062954183759,1.011500629541838,True
2023-06-30,2023-07-03,Energy,finance_vader,2023-06-30,0,-0.7804567950443542,1,-0.7804567950443542,0.9219543204955646,True
2023-06-30,2023-07-03,Financials,finance_vader,2023-06-30,0,-0.8059226908066077,1,-0.8059226908066077,0.9194077309193392,True
2023-06-30,2023-07-03,Healthcare,finance_vader,2023-06-30,0,-0.8699362397043338,1,-0.8699362397043338,0.9130063760295666,True
2023-06-30,2023-07-03,Industrials,finance_vader,2023-06-30,0,0.387968472312432,0.8,0.387968472312432,1.031037477784995,True
2023-06-30,2023-07-03,Materials,finance_vader,2023-06-30,0,-1.954583186272372,0.4,-1.954583186272372,0.9218166725491052,True
2023-06-30,2023-07-03,RealEstate,finance_vader,2023-06-30,0,-0.7247838128200979,0.4,-0.7247838128200979,0.9710086474871961,True
2023-06-30,2023-07-03,Tech,finance_vader,2023-06-30,0,-0.6173248616676005,1,-0.6173248616676005,0.9382675138332399,True
2023-06-30,2023-07-03,Utilities,finance_vader,2023-06-30,0,0.200561862040715,1,0.200561862040715,1.020056186204072,True
2023-07-31,2023-08-01,Comm,finance_vader,2023-07-31,0,0.3298868516090077,0.8,0.3298868516090077,1.026390948128721,True
2023-07-31,2023-08-01,Consumer,finance_vader,2023-07-31,0,0.09751066657831708,1,0.09751066657831708,1.009751066657832,True
2023-07-31,2023-08-01,Energy,finance_vader,2023-07-31,0,1.495013103713581,1,1.495013103713581,1.149501310371358,True
2023-07-31,2023-08-01,Financials,finance_vader,2023-07-31,0,-0.4087640831999618,1,-0.4087640831999618,0.9591235916800038,True
2023-07-31,2023-08-01,Healthcare,finance_vader,2023-07-31,0,0.3241819401583591,1,0.3241819401583591,1.032418194015836,True
2023-07-31,2023-08-01,Industrials,finance_vader,2023-07-31,0,-0.1149983202720896,0.8,-0.1149983202720896,0.9908001343782328,True
2023-07-31,2023-08-01,Materials,finance_vader,2023-07-28,1,1.139829807991803,0.1666666666666667,1.139829807991803,1.01899716346653,True
2023-07-31,2023-08-01,RealEstate,finance_vader,2023-07-31,0,-0.06790054848273504,0.8,-0.06790054848273504,0.9945679561213812,True
2023-07-31,2023-08-01,Tech,finance_vader,2023-07-31,0,0.6568055174661344,1,0.6568055174661344,1.065680551746613,True
2023-07-31,2023-08-01,Utilities,finance_vader,2023-07-31,0,0.9460966802467979,0.8,0.9460966802467979,1.075687734419744,True
2023-08-31,2023-09-01,Comm,finance_vader,2023-08-31,0,0.1105108562719438,1,0.1105108562719438,1.011051085627194,True
2023-08-31,2023-09-01,Consumer,finance_vader,2023-08-31,0,1.526224826732921,1,1.526224826732921,1.152622482673292,True
2023-08-31,2023-09-01,Energy,finance_vader,2023-08-31,0,-0.207426358157651,0.8,-0.207426358157651,0.9834058913473879,True
2023-08-31,2023-09-01,Financials,finance_vader,2023-08-31,0,0.1119882103489525,1,0.1119882103489525,1.011198821034895,True
2023-08-31,2023-09-01,Healthcare,finance_vader,2023-08-31,0,0.3156939356700014,0.8,0.3156939356700014,1.0252555148536,True
2023-08-31,2023-09-01,Industrials,finance_vader,2023-08-31,0,-0.2804564930877564,0.8,-0.2804564930877564,0.9775634805529795,True
2023-08-31,2023-09-01,Materials,finance_vader,2023-08-31,0,0.8124180311973739,0.8,0.8124180311973739,1.06499344249579,True
2023-08-31,2023-09-01,RealEstate,finance_vader,2023-08-31,0,0.9796968547442035,0.8,0.9796968547442035,1.078375748379536,True
2023-08-31,2023-09-01,Tech,finance_vader,2023-08-31,0,-0.177518478161735,1,-0.177518478161735,0.9822481521838266,True
2023-08-31,2023-09-01,Utilities,finance_vader,2023-08-31,0,-0.2286001689062563,1,-0.2286001689062563,0.9771399831093743,True
2023-09-29,2023-10-02,Comm,finance_vader,2023-09-29,0,2.451838424017874,0.8,2,1.16,True
2023-09-29,2023-10-02,Consumer,finance_vader,2023-09-29,0,0.9204443730280619,1,0.9204443730280619,1.092044437302806,True
2023-09-29,2023-10-02,Energy,finance_vader,2023-09-29,0,0.3670917132323029,1,0.3670917132323029,1.03670917132323,True
2023-09-29,2023-10-02,Financials,finance_vader,2023-09-29,0,0.9487212739294691,1,0.9487212739294691,1.094872127392947,True
2023-09-29,2023-10-02,Healthcare,finance_vader,2023-09-29,0,0.0732235052772839,1,0.0732235052772839,1.007322350527728,True
2023-09-29,2023-10-02,Industrials,finance_vader,2023-09-29,0,0.9768415732164799,0.6,0.9768415732164799,1.058610494392989,True
2023-09-29,2023-10-02,Materials,finance_vader,2023-09-29,0,-0.7145874838951903,0.2,-0.7145874838951903,0.9857082503220962,True
2023-09-29,2023-10-02,RealEstate,finance_vader,2023-09-29,0,0.44882816736719,0.6,0.44882816736719,1.026929690042031,True
2023-09-29,2023-10-02,Tech,finance_vader,2023-09-29,0,-0.3134115458177634,1,-0.3134115458177634,0.9686588454182237,True
2023-09-29,2023-10-02,Utilities,finance_vader,2023-09-29,0,1.821740364342276,1,1.821740364342276,1.182174036434228,True
2023-10-31,2023-11-01,Comm,finance_vader,2023-10-31,0,-0.01887844903092887,1,-0.01887844903092887,0.9981121550969071,True
2023-10-31,2023-11-01,Consumer,finance_vader,2023-10-31,0,0.5367814155743964,1,0.5367814155743964,1.05367814155744,True
2023-10-31,2023-11-01,Energy,finance_vader,2023-10-31,0,0.01718731371151537,1,0.01718731371151537,1.001718731371152,True
2023-10-31,2023-11-01,Financials,finance_vader,2023-10-31,0,0.1548435266017994,0.8,0.1548435266017994,1.012387482128144,True
2023-10-31,2023-11-01,Healthcare,finance_vader,2023-10-31,0,0.1527605487043286,1,0.1527605487043286,1.015276054870433,True
2023-10-31,2023-11-01,Industrials,finance_vader,2023-10-31,0,-0.1014259955446133,1,-0.1014259955446133,0.9898574004455387,True
2023-10-31,2023-11-01,Materials,finance_vader,2023-10-31,0,-0.7184292863639827,0.6,-0.7184292863639827,0.956894242818161,True
2023-10-31,2023-11-01,RealEstate,finance_vader,2023-10-31,0,0.03407756057951014,0.6,0.03407756057951014,1.002044653634771,True
2023-10-31,2023-11-01,Tech,finance_vader,2023-10-31,0,0.01172877129083105,1,0.01172877129083105,1.001172877129083,True
2023-10-31,2023-11-01,Utilities,finance_vader,2023-10-31,0,-0.585421616767675,0.8,-0.585421616767675,0.9531662706585859,True
2023-11-30,2023-12-01,Comm,finance_vader,2023-11-30,0,1.10139989119524,0.8,1.10139989119524,1.088111991295619,True
2023-11-30,2023-12-01,Consumer,finance_vader,2023-11-30,0,-0.6930158539872472,1,-0.6930158539872472,0.9306984146012753,True
2023-11-30,2023-12-01,Energy,finance_vader,2023-11-30,0,0.4566446556825041,0.8,0.4566446556825041,1.0365315724546,True
2023-11-30,2023-12-01,Financials,finance_vader,2023-11-30,0,0.2933628931200656,1,0.2933628931200656,1.029336289312007,True
2023-11-30,2023-12-01,Healthcare,finance_vader,2023-11-30,0,-0.2763186453976685,1,-0.2763186453976685,0.9723681354602332,True
2023-11-30,2023-12-01,Industrials,finance_vader,2023-11-30,0,-0.2499264357212569,1,-0.2499264357212569,0.9750073564278743,True
2023-11-30,2023-12-01,Materials,finance_vader,2023-11-30,0,-0.03379188759809441,0.8,-0.03379188759809441,0.9972966489921524,True
2023-11-30,2023-12-01,RealEstate,finance_vader,2023-11-30,0,-0.2319808047701829,0.8,-0.2319808047701829,0.9814415356183853,True
2023-11-30,2023-12-01,Tech,finance_vader,2023-11-30,0,-0.2497792154053441,1,-0.2497792154053441,0.9750220784594656,True
2023-11-30,2023-12-01,Utilities,finance_vader,2023-11-30,0,0.971836650325437,0.6,0.971836650325437,1.058310199019526,True
